{
  "space": [
    "Blend",
    [
      "Blend",
      [
        "Blend",
        [
          "Blend",
          [
            "Blend",
            [
              "Blend",
              [
                "Blend",
                [
                  "Blend",
                  [
                    "Blend",
                    [
                      "Blend",
                      [
                        "Blend",
                        [
                          "Blend",
                          [
                            "Single",
                            {
                              "vertices": [
                                [ 57.858101552349105, 85.99069127076594 ],
                                [ 57.858101552349105, 676.5423001694803 ],
                                [ 344.69745444601034, 676.5423001694803 ],
                                [ 344.69745444601034, 592.1777846125211 ],
                                [ 142.2226171093083, 592.1777846125211 ],
                                [ 142.2226171093083, 170.3552068277251 ],
                                [ 564.0451948941043, 170.3552068277251 ],
                                [ 564.0451948941043, 592.1777846125211 ],
                                [ 353.1339060017063, 592.1777846125211 ],
                                [ 353.1339060017063, 676.5423001694803 ],
                                [ 648.4097104510635, 676.5423001694803 ],
                                [ 648.4097104510635, 85.99069127076594 ]
                              ],
                              "content": [ "Hell" ]
                            }
                          ],
                          [
                            "Single",
                            {
                              "vertices": [
                                [ 478.7161146830914, 693.4338377184373 ],
                                [ 552.0506437203111, 693.4338377184373 ],
                                [ 552.0506437203111, 766.768366755657 ],
                                [ 478.7161146830914, 766.768366755657 ]
                              ],
                              "content": [ "Hell" ]
                            }
                          ]
                        ],
                        [
                          "Single",
                          {
                            "vertices": [
                              [ 254.35002556737982, 819.7379316916956 ],
                              [ 207.15849022920466, 758.6014547638231 ],
                              [ 289.79746424285656, 779.2063271121137 ]
                            ],
                            "content": [ "Hell" ]
                          }
                        ]
                      ],
                      [
                        "Single",
                        {
                          "vertices": [
                            [ 198.26147197031813, 665.8755439428525 ],
                            [ 270.7484966928564, 665.8755439428525 ],
                            [ 270.7484966928564, 738.3625686653908 ],
                            [ 198.26147197031813, 738.3625686653908 ]
                          ],
                          "content": [ "Ground", 1.5893573634762133 ]
                        }
                      ]
                    ],
                    [
                      "Single",
                      {
                        "vertices": [
                          [ 457.47193705045373, 264.49465021009013 ],
                          [ 554.5543724223846, 264.49465021009013 ],
                          [ 554.5543724223846, 361.5770855820211 ],
                          [ 457.47193705045373, 361.5770855820211 ]
                        ],
                        "content": [ "Ground", 1.1201696546508395 ]
                      }
                    ]
                  ],
                  [
                    "Single",
                    {
                      "vertices": [
                        [ 419.17697745980587, 408.0744196111826 ],
                        [ 500.3043945551747, 408.0744196111826 ],
                        [ 500.3043945551747, 489.20183670655143 ],
                        [ 419.17697745980587, 489.20183670655143 ]
                      ],
                      "content": [ "Ground", 1.1642373153428984 ]
                    }
                  ]
                ],
                [
                  "Single",
                  {
                    "vertices": [
                      [ -41.26311859175764, 514.6154495345015 ],
                      [ 53.91787985564108, 514.6154495345015 ],
                      [ 53.91787985564108, 609.7964479819002 ],
                      [ -41.26311859175764, 609.7964479819002 ]
                    ],
                    "content": [ "Ground", 2.3536959967523385 ]
                  }
                ]
              ],
              [
                "Single",
                {
                  "vertices": [
                    [ 419.65541778313553, -27.034031395858094 ],
                    [ 504.3725268401286, -27.034031395858094 ],
                    [ 504.3725268401286, 57.68307766113499 ],
                    [ 419.65541778313553, 57.68307766113499 ]
                  ],
                  "content": [ "Ground", 1.6776046493947543 ]
                }
              ]
            ],
            [
              "Single",
              {
                "vertices": [
                  [ 214.47980936687458, 272.5016901885373 ],
                  [ 287.61349611260806, 272.5016901885373 ],
                  [ 287.61349611260806, 345.63537693427077 ],
                  [ 214.47980936687458, 345.63537693427077 ]
                ],
                "content": [ "Ground", 1.9258689370816686 ]
              }
            ]
          ],
          [
            "Single",
            {
              "vertices": [
                [ 89.23289961639051, 641.8115765384026 ],
                [ 183.81631129193238, 641.8115765384026 ],
                [ 183.81631129193238, 736.3949882139444 ],
                [ 89.23289961639051, 736.3949882139444 ]
              ],
              "content": [ "Ground", 1.85074178259557 ]
            }
          ]
        ],
        [
          "Single",
          {
            "vertices": [
              [ 410.2674643122672, 30.80595099978101 ],
              [ 508.46975098490043, 30.80595099978101 ],
              [ 508.46975098490043, 129.00823767241428 ],
              [ 410.2674643122672, 129.00823767241428 ]
            ],
            "content": [ "Ground", 1.0224028079451601 ]
          }
        ]
      ],
      [
        "Single",
        {
          "vertices": [
            [ -8.867018743874556, 59.22742094267488 ],
            [ 72.86567073032256, 59.22742094267488 ],
            [ 72.86567073032256, 140.960110416872 ],
            [ -8.867018743874556, 140.960110416872 ]
          ],
          "content": [ "Ground", 1.3170762475300024 ]
        }
      ]
    ],
    [
      "Single",
      {
        "vertices": [
          [ 388.9928597921179, 506.0987087433998 ],
          [ 458.8132429039091, 506.0987087433998 ],
          [ 458.8132429039091, 575.919091855191 ],
          [ 388.9928597921179, 575.919091855191 ]
        ],
        "content": [ "Ground", 2.241383509824983 ]
      }
    ]
  ],
  "trees": [
    {
      "tree_position": [ 152.36663918390335, 411.6171699565734 ],
      "branches": 35
    },
    {
      "tree_position": [ 464.77458477992354, 816.7823583120625 ],
      "branches": 88
    },
    {
      "tree_position": [ 283.0459787329653, 409.1622907681414 ],
      "branches": 65
    }
  ],
  "microcodes": [],
  "teams": [
    {
      "team_identifier": 0,
      "robots": [
        {
          "robot_identifier": 0,
          "robot_team_identifier": 0,
          "robot_position": [ 472.51334964450416, 711.3177819326665 ],
          "robot_spaceship": [ 472.51334964450416, 711.3177819326665 ],